epoch,nmse,ssim,psnr
30,0.026717817410826683,0.8986555337905884,38.220848083496094
