epoch,nmse,ssim,psnr
30,0.026717817410826683,0.8986555337905884,38.220848083496094
31,0.02609998546540737,0.7706634402275085,32.85832595825195
